Column,Condition,Distribution,Parameters,MSE
Received Packets,Overall,gibrat,"-484.036773, 2596.514535",2.159342949746203e-11
Received Packets,Normal,t,"0.274179, 3380.540578, 3547.735424",2.876786187527362e-11
Received Packets,Attack,gibrat,"-204.908452, 1416.929267",1.0196095646063056e-11
Received Packets,TCP_SYN,jf_skew_t,"4.781542, 0.448072, 0.023236, 63.481245",2.9708623161337874e-09
Received Packets,BLACKHOLE,gausshyper,"1.309822, 6.136970, 5.070912, -0.128203, 34.667548, 11962.710715",6.936373185388876e-10
Received Packets,DIVERSION,burr,"3.700823, 0.362521, -29.659071, 4440.077712",3.418100843291702e-10
Received Packets,OVERFLOW,exponpow,"0.870608, 10.000000, 956.499746",1.1937081338450905e-07
Received Packets,NORMAL,t,"0.274179, 3380.540578, 3547.735424",2.876786187527362e-11
Received Packets,PORTSCAN,gibrat,"-637.847989, 2528.434526",1.4721830572131264e-10
Received Bytes,Overall,beta,"0.347721, 78.923017, 786.000000, 2130844605.455424",1.7202031853442316e-17
Received Bytes,Normal,genhyperbolic,"0.971413, 0.007356, 0.006266, 14709463.832880, 65708.397643",1.9830480157205055e-17
Received Bytes,Attack,halfgennorm,"0.154634, -6034.459341, 26.835728",2.3258685644063493e-17
Received Bytes,TCP_SYN,halfcauchy,"856.000000, 253427.671323",4.7756917775418335e-15
Received Bytes,BLACKHOLE,chi,"0.427203, 3376.000000, 64416706.829614",9.611978585992607e-17
Received Bytes,DIVERSION,burr,"4.213037, 0.178557, -288929.890182, 107448030.704307",2.794746861526547e-17
Received Bytes,OVERFLOW,betaprime,"0.438226, 0.472889, 776.290399, 537896.597755",7.554398094299634e-15
Received Bytes,NORMAL,genhyperbolic,"0.971413, 0.007356, 0.006266, 14709463.832880, 65708.397643",1.9830480157205055e-17
Received Bytes,PORTSCAN,invgauss,"126.639214, -11856.746295, 67027.133600",1.1475333490969417e-15
Sent Bytes,Overall,halfgennorm,"0.153582, -1677.152214, 26.321257",4.530779707136951e-17
Sent Bytes,Normal,skewnorm,"38.397108, 9453870.878223, 81049525.973058",1.1496814072656736e-17
Sent Bytes,Attack,norminvgauss,"49.219731, 49.219728, -80796.006831, 6506.340304",8.410470166206091e-17
Sent Bytes,TCP_SYN,foldcauchy,"0.000000, 552.001902, 121919.224410",2.9116024654360584e-15
Sent Bytes,BLACKHOLE,loguniform,"35740.348694, 170567533.737353, -26003.361594, 1.000000",8.900045193878436e-17
Sent Bytes,DIVERSION,exponpow,"0.755024, 15747.000000, 74748697.549442",9.835270189710373e-17
Sent Bytes,OVERFLOW,betaprime,"3.954413, 0.257262, -24.647917, 8404.800395",4.6608919365970185e-15
Sent Bytes,NORMAL,skewnorm,"38.397108, 9453870.878223, 81049525.973058",1.1496814072656736e-17
Sent Bytes,PORTSCAN,halfgennorm,"0.229273, 5205.926789, 2639.284227",1.7450013001654483e-15
Sent Packets,Overall,gibrat,"-800.572345, 3788.707117",2.8177712493454624e-11
Sent Packets,Normal,gausshyper,"0.946078, 0.662945, 1.088709, 1.024178, 118804.478381, 302793.521619",2.9040709970592647e-11
Sent Packets,Attack,gibrat,"-189.122190, 1413.500511",9.6559096298153e-12
Sent Packets,TCP_SYN,johnsonsb,"1.831145, 0.616307, 46.887539, 7095.464729",1.4176436358730766e-09
Sent Packets,BLACKHOLE,gausshyper,"1.308230, 5.246461, -1.324400, -0.077851, 78.471336, 12125.179450",6.041015440390167e-10
Sent Packets,DIVERSION,gausshyper,"1.353148, 4.329092, 13.648256, -0.177193, 127.751032, 9985.841857",8.939736015754639e-10
Sent Packets,OVERFLOW,burr,"4.907057, 0.277897, -6.763984, 1201.603646",2.022917391599642e-08
Sent Packets,NORMAL,gausshyper,"0.946078, 0.662945, 1.088709, 1.024178, 118804.478381, 302793.521619",2.9040709970592647e-11
Sent Packets,PORTSCAN,gibrat,"-431.610937, 1907.380791",1.0225920457346944e-10
Port alive Duration (S),Overall,t,"0.477993, 149.666998, 82.446678",3.2016153036570025e-08
Port alive Duration (S),Normal,gausshyper,"1.084354, 0.930507, 1.026201, 0.687287, 696.106726, 2363.893274",7.224439956146934e-10
Port alive Duration (S),Attack,t,"0.505417, 146.816878, 70.575223",3.155520801139867e-08
Port alive Duration (S),TCP_SYN,hypsecant,"130.032404, 38.025690",4.795742611028632e-07
Port alive Duration (S),BLACKHOLE,dpareto_lognorm,"7.952023, 0.000000, 388.959271, 1.173097, -0.152352, 1.022824",6.82237835311317e-08
Port alive Duration (S),DIVERSION,beta,"1.092741, 0.850035, 102.038963, 3214.961037",2.753306998591557e-08
Port alive Duration (S),OVERFLOW,johnsonsb,"10.038663, 1.518249, 6.938699, 161156.032917",1.9138414180040068e-07
Port alive Duration (S),NORMAL,gausshyper,"1.084354, 0.930507, 1.026201, 0.687287, 696.106726, 2363.893274",7.224439956146934e-10
Port alive Duration (S),PORTSCAN,johnsonsb,"0.007953, 0.707704, 22.800181, 276.360381",1.0338228644991585e-05
Delta Received Packets,Overall,wald,"-31.887901, 120.234887",5.1231745817283304e-08
Delta Received Packets,Normal,halfcauchy,"0.000000, 2.040119",5.3243913620024034e-05
Delta Received Packets,Attack,wald,"-35.147842, 132.418374",4.893791967526908e-08
Delta Received Packets,TCP_SYN,loglaplace,"0.550537, -0.000000, 2.166998",1.2232499872701097e-05
Delta Received Packets,BLACKHOLE,foldcauchy,"0.961349, -0.000000, 2.219005",7.230795499711929e-05
Delta Received Packets,DIVERSION,halfcauchy,"0.000000, 2.078653",6.093110184958835e-05
Delta Received Packets,OVERFLOW,foldcauchy,"0.293616, -0.000000, 3.685304",3.139083681965523e-05
Delta Received Packets,NORMAL,halfcauchy,"0.000000, 2.040119",5.3243913620024034e-05
Delta Received Packets,PORTSCAN,exponweib,"1.717297, 0.465947, -0.000000, 25.868093",7.674093146479422e-08
Delta Received Bytes,Overall,exponweib,"1.134321, 0.469929, -0.000000, 48760.912536",5.308240342678669e-13
Delta Received Bytes,Normal,halfgennorm,"0.634744, -0.000000, 41636.522028",4.2995453182559845e-13
Delta Received Bytes,Attack,wald,"-59101.117286, 201693.446016",5.898295268298706e-13
Delta Received Bytes,TCP_SYN,wald,"-39840.941075, 139286.033580",5.245147025748652e-13
Delta Received Bytes,BLACKHOLE,beta,"0.464971, 208.557485, -0.000000, 56010114.440728",6.682022491190997e-13
Delta Received Bytes,DIVERSION,halfgennorm,"0.515234, -0.000000, 8492.237248",3.325346372900577e-13
Delta Received Bytes,OVERFLOW,wald,"-40326.477408, 136563.458030",5.228751595151518e-13
Delta Received Bytes,NORMAL,halfgennorm,"0.634744, -0.000000, 41636.522028",4.2995453182559845e-13
Delta Received Bytes,PORTSCAN,gibrat,"-5085.172380, 15349.907231",3.470471490439889e-13
Delta Sent Bytes,Overall,halfgennorm,"0.419898, 278.000000, 9129.195137",3.8884806571280393e-13
Delta Sent Bytes,Normal,beta,"0.325729, 402.410004, 278.000000, 77060501.835897",6.771191163459815e-13
Delta Sent Bytes,Attack,halfgennorm,"0.443702, 278.000000, 2736.029253",4.182305188563597e-13
Delta Sent Bytes,TCP_SYN,wald,"-37772.502655, 132334.833246",5.031610629565525e-13
Delta Sent Bytes,BLACKHOLE,gengamma,"1.498004, 0.559908, 278.000000, 16456.383156",3.5902915287793594e-13
Delta Sent Bytes,DIVERSION,wald,"-51049.774892, 171880.002643",7.200430320270537e-13
Delta Sent Bytes,OVERFLOW,wald,"-44301.692337, 151740.645987",5.540316992272564e-13
Delta Sent Bytes,NORMAL,beta,"0.325729, 402.410004, 278.000000, 77060501.835897",6.771191163459815e-13
Delta Sent Bytes,PORTSCAN,exponweib,"1.146509, 0.462091, 278.000000, 19942.201792",4.374948110669323e-13
Delta Sent Packets,Overall,truncpareto,"6244106086.850159, 1.000000, -1099511627774.000488, 1099511627776.000488",5.12888934267874e-08
Delta Sent Packets,Normal,halfcauchy,"2.000000, 1.525133",0.00019857165933340946
Delta Sent Packets,Attack,wald,"-30.471975, 119.012070",5.3154672681715035e-08
Delta Sent Packets,TCP_SYN,landau,"3.792331, 1.806897",2.774733169245338e-05
Delta Sent Packets,BLACKHOLE,rel_breitwigner,"1.922749, 2.000000, 1.019678",0.00018575959864466378
Delta Sent Packets,DIVERSION,halfcauchy,"2.000000, 1.420644",0.0002000043740263882
Delta Sent Packets,OVERFLOW,rel_breitwigner,"4770232.060690, -17219169.810667, 3.609714",6.051369770969365e-06
Delta Sent Packets,NORMAL,halfcauchy,"2.000000, 1.525133",0.00019857165933340946
Delta Sent Packets,PORTSCAN,gengamma,"1.540774, 0.539497, 2.000000, 34.273836",5.6190616467979086e-08
Total Load/Rate,Overall,gompertz,"132987463.725683, -0.000280, 2710934843621.845703",2.5196749007051746e-12
Total Load/Rate,Normal,wald,"-5289.617840, 17691.281938",9.50412602510796e-12
Total Load/Rate,Attack,genexpon,"2.334047, 0.000002, 1.643257, -0.001913, 44623.638705",2.2717094292381434e-12
Total Load/Rate,TCP_SYN,wald,"-5205.832649, 17857.876258",8.826236684350689e-12
Total Load/Rate,BLACKHOLE,truncpareto,"858949792.727007, 1.000000, -17592186044416.000000, 17592186044416.000000",3.2328553944859714e-12
Total Load/Rate,DIVERSION,wald,"-2640.459729, 8781.116446",4.4202252928461e-11
Total Load/Rate,OVERFLOW,wald,"-5320.220800, 17881.669508",8.628481075654293e-12
Total Load/Rate,NORMAL,wald,"-5289.617840, 17691.281938",9.50412602510796e-12
Total Load/Rate,PORTSCAN,halflogistic,"0.000000, 5961.418776",5.960575578762376e-13
Total Load/Latest,Overall,wald,"-86974.670960, 294592.565643",1.8408082332490207e-14
Total Load/Latest,Normal,wald,"-124893.133237, 420132.040422",5.608502188422259e-14
Total Load/Latest,Attack,wald,"-83007.030619, 281382.908592",1.8298504991269534e-14
Total Load/Latest,TCP_SYN,gibrat,"-20511.884668, 61943.935090",3.362705683733504e-14
Total Load/Latest,BLACKHOLE,wald,"-71550.766505, 239243.428669",3.995710749412285e-14
Total Load/Latest,DIVERSION,wald,"-59455.629273, 198509.961034",1.1084094930942963e-13
Total Load/Latest,OVERFLOW,beta,"0.500415, 176.064463, -0.000000, 123154167.047346",1.5783243439242268e-13
Total Load/Latest,NORMAL,wald,"-124893.133237, 420132.040422",5.608502188422259e-14
Total Load/Latest,PORTSCAN,halflogistic,"0.000000, 151671.537272",6.200920431737902e-15
Unknown Load/Rate,Overall,gompertz,"132987463.725683, -0.000280, 2710934843621.845703",2.5196749007051746e-12
Unknown Load/Rate,Normal,wald,"-5289.617840, 17691.281938",9.50412602510796e-12
Unknown Load/Rate,Attack,genexpon,"2.334047, 0.000002, 1.643257, -0.001913, 44623.638705",2.2717094292381434e-12
Unknown Load/Rate,TCP_SYN,wald,"-5205.832649, 17857.876258",8.826236684350689e-12
Unknown Load/Rate,BLACKHOLE,truncpareto,"858949792.727007, 1.000000, -17592186044416.000000, 17592186044416.000000",3.2328553944859714e-12
Unknown Load/Rate,DIVERSION,wald,"-2640.459729, 8781.116446",4.4202252928461e-11
Unknown Load/Rate,OVERFLOW,wald,"-5320.220800, 17881.669508",8.628481075654293e-12
Unknown Load/Rate,NORMAL,wald,"-5289.617840, 17691.281938",9.50412602510796e-12
Unknown Load/Rate,PORTSCAN,halflogistic,"0.000000, 5961.418776",5.960575578762376e-13
Unknown Load/Latest,Overall,wald,"-86974.670960, 294592.565643",1.8408082332490207e-14
Unknown Load/Latest,Normal,wald,"-124893.133237, 420132.040422",5.608502188422259e-14
Unknown Load/Latest,Attack,wald,"-83007.030619, 281382.908592",1.8298504991269534e-14
Unknown Load/Latest,TCP_SYN,gibrat,"-20511.884668, 61943.935090",3.362705683733504e-14
Unknown Load/Latest,BLACKHOLE,wald,"-71550.766505, 239243.428669",3.995710749412285e-14
Unknown Load/Latest,DIVERSION,wald,"-59455.629273, 198509.961034",1.1084094930942963e-13
Unknown Load/Latest,OVERFLOW,beta,"0.500415, 176.064463, -0.000000, 123154167.047346",1.5783243439242268e-13
Unknown Load/Latest,NORMAL,wald,"-124893.133237, 420132.040422",5.608502188422259e-14
Unknown Load/Latest,PORTSCAN,halflogistic,"0.000000, 151671.537272",6.200920431737902e-15
Latest bytes counter,Overall,gompertz,"132987463.725683, -0.000280, 2710934843621.845703",2.5196749007051746e-12
Latest bytes counter,Normal,wald,"-5289.617840, 17691.281938",9.50412602510796e-12
Latest bytes counter,Attack,genexpon,"2.334047, 0.000002, 1.643257, -0.001913, 44623.638705",2.2717094292381434e-12
Latest bytes counter,TCP_SYN,wald,"-5205.832649, 17857.876258",8.826236684350689e-12
Latest bytes counter,BLACKHOLE,truncpareto,"858949792.727007, 1.000000, -17592186044416.000000, 17592186044416.000000",3.2328553944859714e-12
Latest bytes counter,DIVERSION,wald,"-2640.459729, 8781.116446",4.4202252928461e-11
Latest bytes counter,OVERFLOW,wald,"-5320.220800, 17881.669508",8.628481075654293e-12
Latest bytes counter,NORMAL,wald,"-5289.617840, 17691.281938",9.50412602510796e-12
Latest bytes counter,PORTSCAN,halflogistic,"0.000000, 5961.418776",5.960575578762376e-13
Packets Looked Up,Overall,foldcauchy,"0.033684, 87.000000, 7485.743229",2.6982686606372897e-13
Packets Looked Up,Normal,foldcauchy,"37.849143, 78.811233, 17350.186506",9.97691039959488e-12
Packets Looked Up,Attack,foldcauchy,"0.003859, 86.721224, 5857.750487",6.883212491121354e-13
Packets Looked Up,TCP_SYN,johnsonsb,"1.565777, 0.910346, 31.726566, 16750.205894",2.6908874244965896e-10
Packets Looked Up,BLACKHOLE,gausshyper,"1.320050, 2.983773, 0.690298, -0.583056, 267.876483, 28076.226770",8.46311970004903e-11
Packets Looked Up,DIVERSION,gausshyper,"1.450773, 2.613468, 0.900723, -0.555269, 370.730852, 33589.634685",9.664376184039504e-11
Packets Looked Up,OVERFLOW,johnsonsb,"0.507426, 0.940706, -0.693331, 7601.763713",4.763120210492469e-09
Packets Looked Up,NORMAL,foldcauchy,"37.849143, 78.811233, 17350.186506",9.97691039959488e-12
Packets Looked Up,PORTSCAN,alpha,"0.000000, -2.417733, 802.040908",4.339473394149929e-12
Packets Matched,Overall,foldcauchy,"0.000939, 36.999983, 7420.485947",2.680615174446637e-13
Packets Matched,Normal,rel_breitwigner,"106.156321, -2815422.706881, 32688.054463",9.986248876178126e-12
Packets Matched,Attack,foldcauchy,"0.001130, 37.000000, 5770.719285",6.976219002255465e-13
Packets Matched,TCP_SYN,johnsonsb,"1.550474, 0.895883, -24.162378, 16575.898686",2.651888484476731e-10
Packets Matched,BLACKHOLE,kappa3,"8.529547, 213.998934, 13818.301967",7.200653943570485e-11
Packets Matched,DIVERSION,gausshyper,"1.412489, 3.080016, 2.913082, -0.415978, 274.980715, 34367.748360",9.348621207441683e-11
Packets Matched,OVERFLOW,johnsonsb,"0.508848, 0.941439, -90.935037, 7580.517763",5.029421276749411e-09
Packets Matched,NORMAL,rel_breitwigner,"106.156321, -2815422.706881, 32688.054463",9.986248876178126e-12
Packets Matched,PORTSCAN,jf_skew_t,"4.135313, 0.159676, -2.285945, 257.859432",8.27597351717743e-12
